<?xml version="1.0" encoding="UTF-8"?>
<!--
	Licensed Materials - Property of IBM
	(c) Copyright IBM Corporation 2015, 2017. All Rights Reserved.
	
	Note to U.S. Government Users Restricted Rights:  
	Use, duplication or disclosure restricted by GSA ADP Schedule 
	Contract with IBM Corp. 
 -->
 <!-- 
File contains rules to support WebSphere DynaCache for the CCM web component.
 -->
<!DOCTYPE cache SYSTEM "cachespec.dtd">
<cache>
	<cache-instance name="services/cache/ccm">
	
		<cache-entry>
			<class>servlet</class>
			<name>/service/com.ibm.team.workitem.common.internal.rest.IWorkItemRestService/workItemDTO2</name>
			<cache-id>
				<inactivity>288000</inactivity>
				<component id="id" type="parameter">
					<required>true</required>
				</component>
				<component id="projectAreaItemId" type="parameter">
					<required>true</required>
				</component>
				<component id="X-com-ibm-workitem-cache-state-id" type="header">
					<required>true</required>
				</component>
				<component id="includeHistory" type="parameter" />
			</cache-id>
			<dependency-id>workItemChanged
				<component id="id" type="parameter">
					<required>true</required>
				</component>
			</dependency-id>
			<dependency-id>projectAreaChanged
				<component id="projectAreaItemId" type="parameter">
					<required>true</required>
				</component>	
			</dependency-id>
			<invalidation>
				workItemChanged
				<component id="isRefresh" type="parameter" ignore-value="true">
					<value>true</value>
					<required>true</required>
				</component>
				<component id="id" type="parameter">
					<required>true</required>
				</component>
			</invalidation>
		</cache-entry>
		
		<cache-entry>
			<class>servlet</class>
			<name>/service/com.ibm.team.workitem.common.internal.rest.IWorkItemRestService/dynaCacheInvalidateEntries</name>
			<cache-id>
				<inactivity>288000</inactivity>
			</cache-id>
			<invalidation>projectAreaChanged
				<component id="projectAreaItemId" type="parameter">
					<required>true</required>
				</component>			
			</invalidation>
			<invalidation>anyProjectAreaChanged</invalidation>
			<invalidation>workItemChanged
				<component id="id" type="parameter">
					<required>true</required>
				</component>			
			</invalidation>
		</cache-entry>
		
		<cache-entry>
			<class>servlet</class>
			<name>/service/com.ibm.team.workitem.common.internal.rest.IWorkItemRestService/getWorkItemEditableProperties</name>
			<cache-id>
				<inactivity>288000</inactivity>
				<component id="projectAreaItemId" type="parameter">
					<required>true</required>
				</component>
				<component id="X-com-ibm-workitem-cache-type-id" type="header">
					<required>true</required>
				</component>
				<component id="X-com-ibm-workitem-cache-state-id" type="header">
					<required>true</required>
				</component>
				<component id="X-com-ibm-workitem-cache-token" type="header">
					<required>true</required>
				</component>			
				<component id="ignoreScriptBasedAttributeAdvisors" type="parameter">
					<required>false</required>
				</component>	
				<component id="includeArchived" type="parameter">
					<required>false</required>
				</component>	
				<component id="workflowActionId" type="parameter">
					<required>false</required>
				</component>
				<component id="clientCacheIds" type="parameter-list">
					<required>false</required>
				</component>		
			</cache-id>
			<dependency-id>projectAreaChanged
				<component id="projectAreaItemId" type="parameter">
					<required>true</required>
				</component>	
			</dependency-id>
		</cache-entry>
		
		<cache-entry>
			<class>servlet</class>
			<name>/_theming/allThemeCSS</name>
			<cache-id>
				<inactivity>288000</inactivity>
			</cache-id>
		</cache-entry>

		<cache-entry>
			<class>servlet</class>
			<name>/service/com.ibm.team.workitem.common.internal.rest.IWorkItemRestService/linkTypesForProject</name>
			<cache-id>
				<inactivity>288000</inactivity>
				<component id="projectAreaItemId" type="parameter">
					<required>true</required>
				</component>	
				<component id="absoluteURIs" type="parameter">
					<required>false</required>
				</component>	
			</cache-id>
			<dependency-id>projectAreaChanged
				<component id="projectAreaItemId" type="parameter">
					<required>true</required>
				</component>	
			</dependency-id>
		</cache-entry>

		<cache-entry>
			<class>servlet</class>
			<name>/service/com.ibm.team.workitem.common.internal.rest.IWorkItemRestService/allValues</name>
			<cache-id>
				<inactivity>288000</inactivity>
				<component id="newWorkItem" type="parameter">
					<value>true</value>
					<required>true</required>
				</component>
				<component id="ids" type="parameter"/>
				<component id="projectAreaItemId" type="parameter"/>
			</cache-id>
			<dependency-id>projectAreaChanged
				<component id="projectAreaItemId" type="parameter">
					<required>true</required>
				</component>	
			</dependency-id>
		</cache-entry>

		<cache-entry>
			<class>servlet</class>
			<name>/service/com.ibm.team.workitem.common.internal.rest.IWorkItemRestService/attributes</name>
			<cache-id>
				<inactivity>288000</inactivity>
				<component id="projectAreaItemId" type="parameter"/>
				<component id="filter" type="parameter">
					<required>false</required>
				</component>
				<component id="iconsOnly" type="parameter">
					<required>false</required>
				</component>
				<component id="attributeType" type="parameter">
					<required>false</required>
				</component>			
			</cache-id>
			<dependency-id>projectAreaChanged
				<component id="projectAreaItemId" type="parameter">
					<required>true</required>
				</component>	
			</dependency-id>
		</cache-entry>

		<cache-entry>
			<class>servlet</class>
			<name>/service/com.ibm.team.workitem.common.internal.rest.IWorkItemRestService/dynamicAttributesPropertiesConfiguration</name>
			<cache-id>
				<inactivity>288000</inactivity>
				<component id="projectAreaItemId" type="parameter"/>
				<component id="X-com-ibm-workitem-cache-token" type="header">
					<required>true</required>
				</component>	
			</cache-id>
			<dependency-id>projectAreaChanged
				<component id="projectAreaItemId" type="parameter">
					<required>true</required>
				</component>	
			</dependency-id>
		</cache-entry>

		<cache-entry>
			<class>servlet</class>
			<name>/service/com.ibm.team.social.common.internal.ISocialRestService/initialInfo</name>
			<cache-id>
				<inactivity>288000</inactivity>
				<component id="uuid" type="parameter"/>
				<component id="communityDetails" type="parameter"/>
				<component id="isQuiet" type="parameter"/>
			</cache-id>
		</cache-entry>

		<cache-entry>
			<class>servlet</class>
			<name>/service/com.ibm.team.workitem.common.internal.rest.IWorkItemRestService/editorPresentation</name>
			<cache-id>
				<inactivity>288000</inactivity>
				<component id="typeId" type="parameter"/>
				<component id="itemId" type="parameter"/>
				<component id="projectAreaItemId" type="parameter"/>
				<component id="target" type="parameter">
					<required>false</required>
				</component>
			</cache-id>
			<dependency-id>projectAreaChanged
				<component id="projectAreaItemId" type="parameter">
					<required>true</required>
				</component>	
			</dependency-id>
		</cache-entry>

		<cache-entry>
			<class>servlet</class>
			<name>/service/com.ibm.team.workitem.common.internal.rest.IWorkItemRestService/processAreaHierarchies</name>
			<cache-id>			
				<inactivity>288000</inactivity>
				<component id="projectAreaItemId" type="parameter">
					<required>false</required>
				</component>	
			</cache-id>
			<dependency-id>anyProjectAreaChanged</dependency-id>
		</cache-entry>
		
		<cache-entry>
			<class>servlet</class>
			<name>/service/com.ibm.team.workitem.common.internal.rest.IWorkItemRestService/iterations</name>
			<cache-id>			
				<inactivity>288000</inactivity>
				<component id="projectAreaItemId" type="parameter"/>
				<component id="includeArchived" type="parameter"/>
				<component id="requireDeliverable" type="parameter"/>
			</cache-id>
			<dependency-id>projectAreaChanged
				<component id="projectAreaItemId" type="parameter">
					<required>true</required>
				</component>	
			</dependency-id>
		</cache-entry>
		
		<cache-entry>
			<class>servlet</class>
			<name>/service/com.ibm.team.workitem.common.internal.rest.IWorkItemRestService/timelinesWithIterations</name>
			<cache-id>			
				<inactivity>288000</inactivity>
				<component id="projectAreaItemId" type="parameter"/>
				<component id="includeArchived" type="parameter"/>
				<component id="requireDeliverable" type="parameter"/>
			</cache-id>
			<dependency-id>projectAreaChanged
				<component id="projectAreaItemId" type="parameter">
					<required>true</required>
				</component>	
			</dependency-id>
		</cache-entry>

		<cache-entry> 
				<class>servlet</class> 
				<name>/service/com.ibm.team.workitem.common.internal.rest.IQueryEditorRestService/attributeTree</name> 
				<cache-id> 
						<inactivity>288000</inactivity> 
						<component id="projectAreaItemId" type="parameter"/> 
						<component id="queryType" type="parameter"/> 
				</cache-id> 
				<dependency-id>projectAreaChanged
					<component id="projectAreaItemId" type="parameter">
						<required>true</required>
					</component>	
				</dependency-id>
		</cache-entry>
		
		<cache-entry>
			<class>servlet</class>
			<name>/service/com.ibm.team.workitem.service.internal.rest.IScriptProviderService</name>
			<cache-id>
				<inactivity>288000</inactivity>
				<component id="projectAreaItemId" type="parameter"/>
			</cache-id>
			<dependency-id>projectAreaChanged
				<component id="projectAreaItemId" type="parameter">
					<required>true</required>
				</component>	
			</dependency-id>
		</cache-entry>
		
		<cache-entry>
			<class>servlet</class>
			<name>/service/com.ibm.team.rtc.common.internal.service.web.sprite.ISpriteImageService/img/processattachment</name>
			<cache-id>
				<inactivity>288000</inactivity>
				<component id="pa" type="parameter"/>
			</cache-id>
		</cache-entry>

		<cache-entry>
			<class>servlet</class>
			<name>/service/com.ibm.team.rtc.common.internal.service.web.sprite.ISpriteImageService/js/processattachment</name>
			<cache-id>
				<inactivity>288000</inactivity>
				<component id="pa" type="parameter"/>
			</cache-id>
		</cache-entry>

		<cache-entry>
			<class>servlet</class>
			<name>/service/com.ibm.team.rtc.common.internal.service.web.sprite.ISpriteImageService/js/bundle</name>
			<cache-id>
				<inactivity>288000</inactivity>
				<component id="id" type="parameter"/>
			</cache-id>
		</cache-entry>
		
		<cache-entry>
			<class>servlet</class>
			<name>/service/com.ibm.team.rtc.common.internal.service.web.sprite.ISpriteImageService/img/bundle</name>
			<cache-id>
				<inactivity>288000</inactivity>
				<component id="id" type="parameter"/>
			</cache-id>
		</cache-entry>

		<cache-entry>
			<class>static</class>
			<name>/_theming/resource/html/aboveer.html</name>
			<cache-id>
				<inactivity>288000</inactivity>
			</cache-id>
		</cache-entry>

		<cache-entry>
			<class>static</class>
			<name>/_theming/resource/html/footerLeft.html</name>
			<cache-id>
				<inactivity>288000</inactivity>
			</cache-id>
		</cache-entry>

		<cache-entry>
			<class>static</class>
			<name>/_theming/resource/html/footerCenter.html</name>
			<cache-id>
				<inactivity>288000</inactivity>
			</cache-id>
		</cache-entry>

		<cache-entry>
			<class>static</class>
			<name>/_theming/resource/html/footerRight.html</name>
			<cache-id>
				<inactivity>288000</inactivity>
			</cache-id>
		</cache-entry>

		<cache-entry>
			<class>static</class>
			<name>/_theming/resource/images/santander-common.png</name>
			<cache-id>
				<inactivity>288000</inactivity>
			</cache-id>
		</cache-entry>

		<cache-entry>
			<class>static</class>
			<name>/_theming/resource/images/banner-sprites.png</name>
			<cache-id>
				<inactivity>288000</inactivity>
			</cache-id>
		</cache-entry>

		<cache-entry>
			<class>static</class>
			<name>/web/com.ibm.team.workitem.api.common/WorkItemAttributes.js</name>
			<cache-id>
				<inactivity>288000</inactivity>
			</cache-id>
		</cache-entry>

		<cache-entry>
			<class>static</class>
			<name>/web/com.ibm.team.workitem.api.common/connectors/HttpConnectorParameter.js</name>
			<cache-id>
				<inactivity>288000</inactivity>
			</cache-id>
		</cache-entry>

		<cache-entry>
			<class>static</class>
			<name>/web/dojo/number.js</name>
			<cache-id>
				<inactivity>288000</inactivity>
			</cache-id>
		</cache-entry>

		<cache-entry>
			<class>static</class>
			<name>/web/com.ibm.team.workitem.web/ui/internal/view/common/images/pixel.gif</name>
			<cache-id>
				<inactivity>288000</inactivity>
			</cache-id>
		</cache-entry>

		<cache-entry>
			<class>static</class>
			<name>/web/com.ibm.team.workitem.web/ui/internal/view/common/images/workitem_editor_obj32.png</name>
			<cache-id>
				<inactivity>288000</inactivity>
			</cache-id>
		</cache-entry>

		<cache-entry>
			<class>static</class>
			<name>/web/com.ibm.team.workitem.web/ui/internal/view/common/images/calendar.gif</name>
			<cache-id>
				<inactivity>288000</inactivity>
			</cache-id>
		</cache-entry>

		<cache-entry>
			<class>static</class>
			<name>/web/com.ibm.team.workitem.api.common/connectors/HttpConnectorParameters.js</name>
			<cache-id>
				<inactivity>288000</inactivity>
			</cache-id>
		</cache-entry>

		<cache-entry>
			<class>static</class>
			<name>/web/com.ibm.team.workitem.web/ui/internal/view/layout/images/tile-section-collapse-hover.png</name>
			<cache-id>
				<inactivity>288000</inactivity>
			</cache-id>
		</cache-entry>

		<cache-entry>
			<class>static</class>
			<name>/web/com.ibm.team.workitem.web/ui/internal/view/common/images/remove.gif</name>
			<cache-id>
				<inactivity>288000</inactivity>
			</cache-id>
		</cache-entry>

		<cache-entry>
			<class>static</class>
			<name>/web/com.ibm.team.workitem.web/ui/internal/view/common/images/popup-down-arrow.gif</name>
			<cache-id>
				<inactivity>288000</inactivity>
			</cache-id>
		</cache-entry>

		<cache-entry>
			<class>static</class>
			<name>/web/jazz.ui/graphics/PageTemplate/banner-sprites.png</name>
			<cache-id>
				<inactivity>288000</inactivity>
			</cache-id>
		</cache-entry>

		<cache-entry>
			<class>static</class>
			<name>/web/com.ibm.team.workitem.web/ui/internal/view/editor/images/print.gif</name>
			<cache-id>
				<inactivity>288000</inactivity>
			</cache-id>
		</cache-entry>

		<cache-entry>
			<class>static</class>
			<name>/web/com.ibm.team.workitem.web/ui/internal/view/editor/images/capture.gif</name>
			<cache-id>
				<inactivity>288000</inactivity>
			</cache-id>
		</cache-entry>

		<cache-entry>
			<class>static</class>
			<name>/web/com.ibm.team.workitem.web/ui/internal/view/common/images/delete.gif</name>
			<cache-id>
				<inactivity>288000</inactivity>
			</cache-id>
		</cache-entry>

		<cache-entry>
			<class>static</class>
			<name>/web/com.ibm.team.workitem.web/ui/internal/view/editor/images/find-duplicates.gif</name>
			<cache-id>
				<inactivity>288000</inactivity>
			</cache-id>
		</cache-entry>

		<cache-entry>
			<class>static</class>
			<name>/web/com.ibm.team.workitem.web/ui/internal/view/editor/images/subscribe.gif</name>
			<cache-id>
				<inactivity>288000</inactivity>
			</cache-id>
		</cache-entry>

		<cache-entry>
			<class>static</class>
			<name>/web/com.ibm.team.workitem.web/ui/internal/view/editor/images/move-copy.gif</name>
			<cache-id>
				<inactivity>288000</inactivity>
			</cache-id>
		</cache-entry>

		<cache-entry>
			<class>static</class>
			<name>/web/com.ibm.team.workitem.web/ui/internal/view/editor/images/refresh.gif</name>
			<cache-id>
				<inactivity>288000</inactivity>
			</cache-id>
		</cache-entry>

		<cache-entry>
			<class>static</class>
			<name>/web/com.ibm.team.workitem.web/ui/internal/view/common/images/row-edit.gif</name>
			<cache-id>
				<inactivity>288000</inactivity>
			</cache-id>
		</cache-entry>

		<cache-entry>
			<class>static</class>
			<name>/web/com.ibm.team.social.web/ui/internal/images/listIcons/com.ibm.social.list.activities.png</name>
			<cache-id>
				<inactivity>288000</inactivity>
			</cache-id>
		</cache-entry>

		<cache-entry>
			<class>static</class>
			<name>/web/com.ibm.team.social.web/ui/internal/images/post-to-social-network.png</name>
			<cache-id>
				<inactivity>288000</inactivity>
			</cache-id>
		</cache-entry>
		
	</cache-instance>
</cache>